time,GAL_W-FLOW
1.000000000000,0.30000E+31
86401.00000000,0.30000E+31
172801.0000000,0.30000E+31
259201.0000000,0.30000E+31
345601.0000000,0.30000E+31
432001.0000000,0.30000E+31
518401.0000000,0.30000E+31
604801.0000000,0.30000E+31
691201.0000000,0.30000E+31
777601.0000000,0.30000E+31
864001.0000000,0.30000E+31
950401.0000000,0.30000E+31
1036801.000000,0.30000E+31
1123201.000000,0.30000E+31
1209601.000000,0.30000E+31
1296001.000000,0.30000E+31
1382401.000000,0.30000E+31
1468801.000000,0.30000E+31
1555201.000000,0.30000E+31
1641601.000000,0.30000E+31
1728001.000000,0.30000E+31
1814401.000000,0.30000E+31
1900801.000000,0.30000E+31
1987201.000000,0.30000E+31
2073601.000000,0.30000E+31
2160001.000000,0.30000E+31
2246401.000000,0.30000E+31
2332801.000000,0.30000E+31
2419201.000000,0.30000E+31
2505601.000000,0.30000E+31
2592001.000000,0.30000E+31
2678401.000000,0.30000E+31
2764801.000000,0.30000E+31
2851201.000000,0.30000E+31
2937601.000000,0.30000E+31
3024001.000000,0.30000E+31
3110401.000000,0.30000E+31
3196801.000000,0.30000E+31
3283201.000000,0.30000E+31
3369601.000000,0.30000E+31
3456001.000000,0.30000E+31
3542401.000000,0.30000E+31
3628801.000000,0.30000E+31
3715201.000000,0.30000E+31
3801601.000000,0.30000E+31
3888001.000000,0.30000E+31
3974401.000000,0.30000E+31
4060801.000000,0.30000E+31
4147201.000000,0.30000E+31
4233601.000000,0.30000E+31
4320001.000000,0.30000E+31
4406401.000000,0.30000E+31
4492801.000000,0.30000E+31
4579201.000000,0.30000E+31
4665601.000000,0.30000E+31
4752001.000000,0.30000E+31
4838401.000000,0.30000E+31
4924801.000000,0.30000E+31
5011201.000000,0.30000E+31
5097601.000000,0.30000E+31
5184001.000000,0.30000E+31
5270401.000000,0.30000E+31
5356801.000000,0.30000E+31
5443201.000000,0.30000E+31
5529601.000000,0.30000E+31
5616001.000000,0.30000E+31
5702401.000000,0.30000E+31
5788801.000000,0.30000E+31
5875201.000000,0.30000E+31
5961601.000000,0.30000E+31
6048001.000000,0.30000E+31
6134401.000000,0.30000E+31
6220801.000000,0.30000E+31
6307201.000000,0.30000E+31
6393601.000000,0.30000E+31
6480001.000000,0.30000E+31
6566401.000000,0.30000E+31
6652801.000000,0.30000E+31
6739201.000000,0.30000E+31
6825601.000000,0.30000E+31
6912001.000000,0.30000E+31
6998401.000000,0.30000E+31
7084801.000000,0.30000E+31
7171201.000000,0.30000E+31
7257601.000000,0.30000E+31
7344001.000000,0.30000E+31
7430401.000000,0.30000E+31
7516801.000000,0.30000E+31
7603201.000000,0.30000E+31
7689601.000000,0.30000E+31
7776001.000000,0.30000E+31
7862401.000000,0.30000E+31
7948801.000000,0.30000E+31
8035201.000000,0.30000E+31
8121601.000000,0.30000E+31
8208001.000000,0.30000E+31
8294401.000000,0.30000E+31
8380801.000000,0.30000E+31
8467201.000000,0.30000E+31
8553601.000000,0.30000E+31
8640001.000000,0.30000E+31
8726401.000000,0.30000E+31
8812801.000000,0.30000E+31
8899201.000000,0.30000E+31
8985601.000000,0.30000E+31
9072001.000000,0.30000E+31
9158401.000000,0.30000E+31
9244801.000000,0.30000E+31
9331201.000000,0.30000E+31
9417601.000000,0.30000E+31
9504001.000000,0.30000E+31
9590401.000000,0.30000E+31
9676801.000000,0.30000E+31
9763201.000000,0.30000E+31
9849601.000000,0.30000E+31
9936001.000000,0.30000E+31
10022401.00000,0.30000E+31
10108801.00000,0.30000E+31
10195201.00000,0.30000E+31
10281601.00000,0.30000E+31
10368001.00000,0.30000E+31
10454401.00000,0.30000E+31
10540801.00000,0.30000E+31
10627201.00000,0.30000E+31
10713601.00000,0.30000E+31
10800001.00000,0.30000E+31
10886401.00000,0.30000E+31
10972801.00000,0.30000E+31
11059201.00000,0.30000E+31
11145601.00000,0.30000E+31
11232001.00000,0.30000E+31
11318401.00000,0.30000E+31
11404801.00000,0.30000E+31
11491201.00000,0.30000E+31
11577601.00000,0.30000E+31
11664001.00000,0.30000E+31
11750401.00000,0.30000E+31
11836801.00000,0.30000E+31
11923201.00000,0.30000E+31
12009601.00000,0.30000E+31
12096001.00000,0.30000E+31
12182401.00000,0.30000E+31
12268801.00000,0.30000E+31
12355201.00000,0.30000E+31
12441601.00000,0.30000E+31
12528001.00000,0.30000E+31
12614401.00000,0.30000E+31
12700801.00000,0.30000E+31
12787201.00000,0.30000E+31
12873601.00000,0.30000E+31
12960001.00000,0.30000E+31
13046401.00000,0.30000E+31
13132801.00000,0.30000E+31
13219201.00000,0.30000E+31
13305601.00000,0.30000E+31
13392001.00000,0.30000E+31
13478401.00000,0.30000E+31
13564801.00000,0.30000E+31
13651201.00000,0.30000E+31
13737601.00000,0.30000E+31
13824001.00000,0.30000E+31
13910401.00000,0.30000E+31
13996801.00000,0.30000E+31
14083201.00000,0.30000E+31
14169601.00000,0.30000E+31
14256001.00000,0.30000E+31
14342401.00000,0.30000E+31
14428801.00000,0.30000E+31
14515201.00000,0.30000E+31
14601601.00000,0.30000E+31
14688001.00000,0.30000E+31
14774401.00000,0.30000E+31
14860801.00000,0.30000E+31
14947201.00000,0.30000E+31
15033601.00000,0.30000E+31
15120001.00000,0.30000E+31
15206401.00000,0.30000E+31
15292801.00000,0.30000E+31
15379201.00000,0.30000E+31
15465601.00000,0.30000E+31
15552001.00000,0.30000E+31
15638401.00000,0.30000E+31
15724801.00000,0.30000E+31
15811201.00000,0.30000E+31
15897601.00000,0.30000E+31
15984001.00000,0.30000E+31
16070401.00000,0.30000E+31
16156801.00000,0.30000E+31
16243201.00000,0.30000E+31
16329601.00000,0.30000E+31
16416001.00000,0.30000E+31
16502401.00000,0.30000E+31
16588801.00000,0.30000E+31
16675201.00000,0.30000E+31
16761601.00000,0.30000E+31
16848001.00000,0.30000E+31
16934401.00000,0.30000E+31
17020801.00000,0.30000E+31
17107201.00000,0.30000E+31
17193601.00000,0.30000E+31
17280001.00000,0.30000E+31
17366401.00000,0.30000E+31
17452801.00000,0.30000E+31
17539201.00000,0.30000E+31
17625601.00000,0.30000E+31
17712001.00000,0.30000E+31
17798401.00000,0.30000E+31
17884801.00000,0.30000E+31
17971201.00000,0.30000E+31
18057601.00000,0.30000E+31
18144001.00000,0.30000E+31
18230401.00000,0.30000E+31
18316801.00000,0.30000E+31
18403201.00000,0.30000E+31
18489601.00000,0.30000E+31
18576001.00000,0.30000E+31
18662401.00000,0.30000E+31
18748801.00000,0.30000E+31
18835201.00000,0.30000E+31
18921601.00000,0.30000E+31
19008001.00000,0.30000E+31
19094401.00000,0.30000E+31
19180801.00000,0.30000E+31
19267201.00000,0.30000E+31
19353601.00000,0.30000E+31
19440001.00000,0.30000E+31
19526401.00000,0.30000E+31
19612801.00000,0.30000E+31
19699201.00000,0.30000E+31
19785601.00000,0.30000E+31
19872001.00000,0.30000E+31
19958401.00000,0.30000E+31
20044801.00000,0.30000E+31
20131201.00000,0.30000E+31
20217601.00000,0.30000E+31
20304001.00000,0.30000E+31
20390401.00000,0.30000E+31
20476801.00000,0.30000E+31
20563201.00000,0.30000E+31
20649601.00000,0.30000E+31
20736001.00000,0.30000E+31
20822401.00000,0.30000E+31
20908801.00000,0.30000E+31
20995201.00000,0.30000E+31
21081601.00000,0.30000E+31
21168001.00000,0.30000E+31
21254401.00000,0.30000E+31
21340801.00000,0.30000E+31
21427201.00000,0.30000E+31
21513601.00000,0.30000E+31
21600001.00000,0.30000E+31
21686401.00000,0.30000E+31
21772801.00000,0.30000E+31
21859201.00000,0.30000E+31
21945601.00000,0.30000E+31
22032001.00000,0.30000E+31
22118401.00000,0.30000E+31
22204801.00000,0.30000E+31
22291201.00000,0.30000E+31
22377601.00000,0.30000E+31
22464001.00000,0.30000E+31
22550401.00000,0.30000E+31
22636801.00000,0.30000E+31
22723201.00000,0.30000E+31
22809601.00000,0.30000E+31
22896001.00000,0.30000E+31
22982401.00000,0.30000E+31
23068801.00000,0.30000E+31
23155201.00000,0.30000E+31
23241601.00000,0.30000E+31
23328001.00000,0.30000E+31
23414401.00000,0.30000E+31
23500801.00000,0.30000E+31
23587201.00000,0.30000E+31
23673601.00000,0.30000E+31
23760001.00000,0.30000E+31
23846401.00000,0.30000E+31
23932801.00000,0.30000E+31
24019201.00000,0.30000E+31
24105601.00000,0.30000E+31
24192001.00000,0.30000E+31
24278401.00000,0.30000E+31
24364801.00000,0.30000E+31
24451201.00000,0.30000E+31
24537601.00000,0.30000E+31
24624001.00000,0.30000E+31
24710401.00000,0.30000E+31
24796801.00000,0.30000E+31
24883201.00000,0.30000E+31
24969601.00000,0.30000E+31
25056001.00000,0.30000E+31
25142401.00000,0.30000E+31
25228801.00000,0.30000E+31
25315201.00000,0.30000E+31
25401601.00000,0.30000E+31
25488001.00000,0.30000E+31
25574401.00000,0.30000E+31
25660801.00000,0.30000E+31
25747201.00000,0.30000E+31
25833601.00000,0.30000E+31
25920001.00000,0.30000E+31
26006401.00000,0.30000E+31
26092801.00000,0.30000E+31
26179201.00000,0.30000E+31
26265601.00000,0.30000E+31
26352001.00000,0.30000E+31
26438401.00000,0.30000E+31
26524801.00000,0.30000E+31
26611201.00000,0.30000E+31
26697601.00000,0.30000E+31
26784001.00000,0.30000E+31
26870401.00000,0.30000E+31
26956801.00000,0.30000E+31
27043201.00000,0.30000E+31
27129601.00000,0.30000E+31
27216001.00000,0.30000E+31
27302401.00000,0.30000E+31
27388801.00000,0.30000E+31
27475201.00000,0.30000E+31
27561601.00000,0.30000E+31
27648001.00000,0.30000E+31
27734401.00000,0.30000E+31
27820801.00000,0.30000E+31
27907201.00000,0.30000E+31
27993601.00000,0.30000E+31
28080001.00000,0.30000E+31
28166401.00000,0.30000E+31
28252801.00000,0.30000E+31
28339201.00000,0.30000E+31
28425601.00000,0.30000E+31
28512001.00000,0.30000E+31
28598401.00000,0.30000E+31
28684801.00000,0.30000E+31
28771201.00000,0.30000E+31
28857601.00000,0.30000E+31
28944001.00000,0.30000E+31
29030401.00000,0.30000E+31
29116801.00000,0.30000E+31
29203201.00000,0.30000E+31
29289601.00000,0.30000E+31
29376001.00000,0.30000E+31
29462401.00000,0.30000E+31
29548801.00000,0.30000E+31
29635201.00000,0.30000E+31
29721601.00000,0.30000E+31
29808001.00000,0.30000E+31
29894401.00000,0.30000E+31
29980801.00000,0.30000E+31
30067201.00000,0.30000E+31
30153601.00000,0.30000E+31
30240001.00000,0.30000E+31
30326401.00000,0.30000E+31
30412801.00000,0.30000E+31
30499201.00000,0.30000E+31
30585601.00000,0.30000E+31
30672001.00000,0.30000E+31
30758401.00000,0.30000E+31
30844801.00000,0.30000E+31
30931201.00000,0.30000E+31
31017601.00000,0.30000E+31
31104001.00000,0.30000E+31
31190401.00000,0.30000E+31
31276801.00000,0.30000E+31
31363201.00000,0.30000E+31
31449601.00000,0.30000E+31
31536001.00000,0.30000E+31
31622401.00000,0.30000E+31
31708801.00000,0.30000E+31
31795201.00000,0.30000E+31
31881601.00000,0.30000E+31
31968001.00000,0.30000E+31
32054401.00000,0.30000E+31
32140801.00000,0.30000E+31
32227201.00000,0.30000E+31
32313601.00000,0.30000E+31
32400001.00000,0.30000E+31
32486401.00000,0.30000E+31
32572801.00000,0.30000E+31
32659201.00000,0.30000E+31
32745601.00000,0.30000E+31
32832001.00000,0.30000E+31
32918401.00000,0.30000E+31
33004801.00000,0.30000E+31
33091201.00000,0.30000E+31
33177601.00000,0.30000E+31
33264001.00000,0.30000E+31
33350401.00000,0.30000E+31
33436801.00000,0.30000E+31
33523201.00000,0.30000E+31
33609601.00000,0.30000E+31
33696001.00000,0.30000E+31
33782401.00000,0.30000E+31
33868801.00000,0.30000E+31
33955201.00000,0.30000E+31
34041601.00000,0.30000E+31
34128001.00000,0.30000E+31
34214401.00000,0.30000E+31
34300801.00000,0.30000E+31
34387201.00000,0.30000E+31
34473601.00000,0.30000E+31
34560001.00000,0.30000E+31
34646401.00000,0.30000E+31
34732801.00000,0.30000E+31
34819201.00000,0.30000E+31
34905601.00000,0.30000E+31
34992001.00000,0.30000E+31
35078401.00000,0.30000E+31
35164801.00000,0.30000E+31
35251201.00000,0.30000E+31
35337601.00000,0.30000E+31
35424001.00000,0.30000E+31
35510401.00000,0.30000E+31
35596801.00000,0.30000E+31
35683201.00000,0.30000E+31
35769601.00000,0.30000E+31
35856001.00000,0.30000E+31
35942401.00000,0.30000E+31
36028801.00000,0.30000E+31
36115201.00000,0.30000E+31
36201601.00000,0.30000E+31
36288001.00000,0.30000E+31
36374401.00000,0.30000E+31
36460801.00000,0.30000E+31
36547201.00000,0.30000E+31
36633601.00000,0.30000E+31
36720001.00000,0.30000E+31
36806401.00000,0.30000E+31
36892801.00000,0.30000E+31
36979201.00000,0.30000E+31
37065601.00000,0.30000E+31
37152001.00000,0.30000E+31
37238401.00000,0.30000E+31
37324801.00000,0.30000E+31
37411201.00000,0.30000E+31
37497601.00000,0.30000E+31
37584001.00000,0.30000E+31
37670401.00000,0.30000E+31
37756801.00000,0.30000E+31
37843201.00000,0.30000E+31
37929601.00000,0.30000E+31
38016001.00000,0.30000E+31
38102401.00000,0.30000E+31
38188801.00000,0.30000E+31
38275201.00000,0.30000E+31
38361601.00000,0.30000E+31
38448001.00000,0.30000E+31
38534401.00000,0.30000E+31
38620801.00000,0.30000E+31
38707201.00000,0.30000E+31
38793601.00000,0.30000E+31
38880001.00000,0.30000E+31
38966401.00000,0.30000E+31
39052801.00000,0.30000E+31
39139201.00000,0.30000E+31
39225601.00000,0.30000E+31
39312001.00000,0.30000E+31
39398401.00000,0.30000E+31
39484801.00000,0.30000E+31
39571201.00000,0.30000E+31
39657601.00000,0.30000E+31
39744001.00000,0.30000E+31
39830401.00000,0.30000E+31
39916801.00000,0.30000E+31
40003201.00000,0.30000E+31
40089601.00000,0.30000E+31
40176001.00000,0.30000E+31
40262401.00000,0.30000E+31
40348801.00000,0.30000E+31
40435201.00000,0.30000E+31
40521601.00000,0.30000E+31
40608001.00000,0.30000E+31
40694401.00000,0.30000E+31
40780801.00000,0.30000E+31
40867201.00000,0.30000E+31
40953601.00000,0.30000E+31
41040001.00000,0.30000E+31
41126401.00000,0.30000E+31
41212801.00000,0.30000E+31
41299201.00000,0.30000E+31
41385601.00000,0.30000E+31
41472001.00000,0.30000E+31
41558401.00000,0.30000E+31
41644801.00000,0.30000E+31
41731201.00000,0.30000E+31
41817601.00000,0.30000E+31
41904001.00000,0.30000E+31
41990401.00000,0.30000E+31
42076801.00000,0.30000E+31
42163201.00000,0.30000E+31
42249601.00000,0.30000E+31
42336001.00000,0.30000E+31
42422401.00000,0.30000E+31
42508801.00000,0.30000E+31
42595201.00000,0.30000E+31
42681601.00000,0.30000E+31
42768001.00000,0.30000E+31
42854401.00000,0.30000E+31
42940801.00000,0.30000E+31
43027201.00000,0.30000E+31
43113601.00000,0.30000E+31
43200001.00000,0.30000E+31
43286401.00000,0.30000E+31
43372801.00000,0.30000E+31
43459201.00000,0.30000E+31
43545601.00000,0.30000E+31
43632001.00000,0.30000E+31
43718401.00000,0.30000E+31
43804801.00000,0.30000E+31
43891201.00000,0.30000E+31
43977601.00000,0.30000E+31
44064001.00000,0.30000E+31
44150401.00000,0.30000E+31
44236801.00000,0.30000E+31
44323201.00000,0.30000E+31
44409601.00000,0.30000E+31
44496001.00000,0.30000E+31
44582401.00000,0.30000E+31
44668801.00000,0.30000E+31
44755201.00000,0.30000E+31
44841601.00000,0.30000E+31
44928001.00000,0.30000E+31
45014401.00000,0.30000E+31
45100801.00000,0.30000E+31
45187201.00000,0.30000E+31
45273601.00000,0.30000E+31
45360001.00000,0.30000E+31
45446401.00000,0.30000E+31
45532801.00000,0.30000E+31
45619201.00000,0.30000E+31
45705601.00000,0.30000E+31
45792001.00000,0.30000E+31
45878401.00000,0.30000E+31
45964801.00000,0.30000E+31
46051201.00000,0.30000E+31
46137601.00000,0.30000E+31
46224001.00000,0.30000E+31
46310401.00000,0.30000E+31
46396801.00000,0.30000E+31
46483201.00000,0.30000E+31
46569601.00000,0.30000E+31
46656001.00000,0.30000E+31
46742401.00000,0.30000E+31
46828801.00000,0.30000E+31
46915201.00000,0.30000E+31
47001601.00000,0.30000E+31
47088001.00000,0.30000E+31
47174401.00000,0.30000E+31
47260801.00000,0.30000E+31
47347201.00000,0.30000E+31
47433601.00000,0.30000E+31
47520001.00000,0.30000E+31
47606401.00000,0.30000E+31
47692801.00000,0.30000E+31
47779201.00000,0.30000E+31
47865601.00000,0.30000E+31
47952001.00000,0.30000E+31
48038401.00000,0.30000E+31
48124801.00000,0.30000E+31
48211201.00000,0.30000E+31
48297601.00000,0.30000E+31
48384001.00000,0.30000E+31
48470401.00000,0.30000E+31
48556801.00000,0.30000E+31
48643201.00000,0.30000E+31
48729601.00000,0.30000E+31
48816001.00000,0.30000E+31
48902401.00000,0.30000E+31
48988801.00000,0.30000E+31
49075201.00000,0.30000E+31
49161601.00000,0.30000E+31
49248001.00000,0.30000E+31
49334401.00000,0.30000E+31
49420801.00000,0.30000E+31
49507201.00000,0.30000E+31
49593601.00000,0.30000E+31
49680001.00000,0.30000E+31
49766401.00000,0.30000E+31
49852801.00000,0.30000E+31
49939201.00000,0.30000E+31
50025601.00000,0.30000E+31
50112001.00000,0.30000E+31
50198401.00000,0.30000E+31
50284801.00000,0.30000E+31
50371201.00000,0.30000E+31
50457601.00000,0.30000E+31
50544001.00000,0.30000E+31
50630401.00000,0.30000E+31
50716801.00000,0.30000E+31
50803201.00000,0.30000E+31
50889601.00000,0.30000E+31
50976001.00000,0.30000E+31
51062401.00000,0.30000E+31
51148801.00000,0.30000E+31
51235201.00000,0.30000E+31
51321601.00000,0.30000E+31
51408001.00000,0.30000E+31
51494401.00000,0.30000E+31
51580801.00000,0.30000E+31
51667201.00000,0.30000E+31
51753601.00000,0.30000E+31
51840001.00000,0.30000E+31
51926401.00000,0.30000E+31
52012801.00000,0.30000E+31
52099201.00000,0.30000E+31
52185601.00000,0.30000E+31
52272001.00000,0.30000E+31
52358401.00000,0.30000E+31
52444801.00000,0.30000E+31
52531201.00000,0.30000E+31
52617601.00000,0.30000E+31
52704001.00000,0.30000E+31
52790401.00000,0.30000E+31
52876801.00000,0.30000E+31
52963201.00000,0.30000E+31
53049601.00000,0.30000E+31
53136001.00000,0.30000E+31
53222401.00000,0.30000E+31
53308801.00000,0.30000E+31
53395201.00000,0.30000E+31
53481601.00000,0.30000E+31
53568001.00000,0.30000E+31
53654401.00000,0.30000E+31
53740801.00000,0.30000E+31
53827201.00000,0.30000E+31
53913601.00000,0.30000E+31
54000001.00000,0.30000E+31
54086401.00000,0.30000E+31
54172801.00000,0.30000E+31
54259201.00000,0.30000E+31
54345601.00000,0.30000E+31
54432001.00000,0.30000E+31
54518401.00000,0.30000E+31
54604801.00000,0.30000E+31
54691201.00000,0.30000E+31
54777601.00000,0.30000E+31
54864001.00000,0.30000E+31
54950401.00000,0.30000E+31
55036801.00000,0.30000E+31
55123201.00000,0.30000E+31
55209601.00000,0.30000E+31
55296001.00000,0.30000E+31
55382401.00000,0.30000E+31
55468801.00000,0.30000E+31
55555201.00000,0.30000E+31
55641601.00000,0.30000E+31
55728001.00000,0.30000E+31
55814401.00000,0.30000E+31
55900801.00000,0.30000E+31
55987201.00000,0.30000E+31
56073601.00000,0.30000E+31
56160001.00000,0.30000E+31
56246401.00000,0.30000E+31
56332801.00000,0.30000E+31
56419201.00000,0.30000E+31
56505601.00000,0.30000E+31
56592001.00000,0.30000E+31
56678401.00000,0.30000E+31
56764801.00000,0.30000E+31
56851201.00000,0.30000E+31
56937601.00000,0.30000E+31
57024001.00000,0.30000E+31
57110401.00000,0.30000E+31
57196801.00000,0.30000E+31
57283201.00000,0.30000E+31
57369601.00000,0.30000E+31
57456001.00000,0.30000E+31
57542401.00000,0.30000E+31
57628801.00000,0.30000E+31
57715201.00000,0.30000E+31
57801601.00000,0.30000E+31
57888001.00000,0.30000E+31
57974401.00000,0.30000E+31
58060801.00000,0.30000E+31
58147201.00000,0.30000E+31
58233601.00000,0.30000E+31
58320001.00000,0.30000E+31
58406401.00000,0.30000E+31
58492801.00000,0.30000E+31
58579201.00000,0.30000E+31
58665601.00000,0.30000E+31
58752001.00000,0.30000E+31
58838401.00000,0.30000E+31
58924801.00000,0.30000E+31
59011201.00000,0.30000E+31
59097601.00000,0.30000E+31
59184001.00000,0.30000E+31
59270401.00000,0.30000E+31
59356801.00000,0.30000E+31
59443201.00000,0.30000E+31
59529601.00000,0.30000E+31
59616001.00000,0.30000E+31
59702401.00000,0.30000E+31
59788801.00000,0.30000E+31
59875201.00000,0.30000E+31
59961601.00000,0.30000E+31
60048001.00000,0.30000E+31
60134401.00000,0.30000E+31
60220801.00000,0.30000E+31
60307201.00000,0.30000E+31
60393601.00000,0.30000E+31
60480001.00000,0.30000E+31
60566401.00000,0.30000E+31
60652801.00000,0.30000E+31
60739201.00000,0.30000E+31
60825601.00000,0.30000E+31
60912001.00000,0.30000E+31
60998401.00000,0.30000E+31
61084801.00000,0.30000E+31
61171201.00000,0.30000E+31
61257601.00000,0.30000E+31
61344001.00000,0.30000E+31
61430401.00000,0.30000E+31
61516801.00000,0.30000E+31
61603201.00000,0.30000E+31
61689601.00000,0.30000E+31
61776001.00000,0.30000E+31
61862401.00000,0.30000E+31
61948801.00000,0.30000E+31
62035201.00000,0.30000E+31
62121601.00000,0.30000E+31
62208001.00000,0.30000E+31
62294401.00000,0.30000E+31
62380801.00000,0.30000E+31
62467201.00000,0.30000E+31
62553601.00000,0.30000E+31
62640001.00000,0.30000E+31
62726401.00000,0.30000E+31
62812801.00000,0.30000E+31
62899201.00000,0.30000E+31
62985601.00000,0.30000E+31
63072001.00000,0.30000E+31
63158401.00000,0.30000E+31
63244801.00000,0.30000E+31
63331201.00000,0.30000E+31
63417601.00000,0.30000E+31
63504001.00000,0.30000E+31
63590401.00000,0.30000E+31
63676801.00000,0.30000E+31
63763201.00000,0.30000E+31
63849601.00000,0.30000E+31
63936001.00000,0.30000E+31
64022401.00000,0.30000E+31
64108801.00000,0.30000E+31
64195201.00000,0.30000E+31
64281601.00000,0.30000E+31
64368001.00000,0.30000E+31
64454401.00000,0.30000E+31
64540801.00000,0.30000E+31
64627201.00000,0.30000E+31
64713601.00000,0.30000E+31
64800001.00000,0.30000E+31
64886401.00000,0.30000E+31
64972801.00000,0.30000E+31
65059201.00000,0.30000E+31
65145601.00000,0.30000E+31
65232001.00000,0.30000E+31
65318401.00000,0.30000E+31
65404801.00000,0.30000E+31
65491201.00000,0.30000E+31
65577601.00000,0.30000E+31
65664001.00000,0.30000E+31
65750401.00000,0.30000E+31
65836801.00000,0.30000E+31
65923201.00000,0.30000E+31
66009601.00000,0.30000E+31
66096001.00000,0.30000E+31
66182401.00000,0.30000E+31
66268801.00000,0.30000E+31
66355201.00000,0.30000E+31
66441601.00000,0.30000E+31
66528001.00000,0.30000E+31
66614401.00000,0.30000E+31
66700801.00000,0.30000E+31
66787201.00000,0.30000E+31
66873601.00000,0.30000E+31
66960001.00000,0.30000E+31
67046401.00000,0.30000E+31
67132801.00000,0.30000E+31
67219201.00000,0.30000E+31
67305601.00000,0.30000E+31
67392001.00000,0.30000E+31
67478401.00000,0.30000E+31
67564801.00000,0.30000E+31
67651201.00000,0.30000E+31
67737601.00000,0.30000E+31
67824001.00000,0.30000E+31
67910401.00000,0.30000E+31
67996801.00000,0.30000E+31
68083201.00000,0.30000E+31
68169601.00000,0.30000E+31
68256001.00000,0.30000E+31
68342401.00000,0.30000E+31
68428801.00000,0.30000E+31
68515201.00000,0.30000E+31
68601601.00000,0.30000E+31
68688001.00000,0.30000E+31
68774401.00000,0.30000E+31
68860801.00000,0.30000E+31
68947201.00000,0.30000E+31
69033601.00000,0.30000E+31
69120001.00000,0.30000E+31
69206401.00000,0.30000E+31
69292801.00000,0.30000E+31
69379201.00000,0.30000E+31
69465601.00000,0.30000E+31
69552001.00000,0.30000E+31
69638401.00000,0.30000E+31
69724801.00000,0.30000E+31
69811201.00000,0.30000E+31
69897601.00000,0.30000E+31
69984001.00000,0.30000E+31
70070401.00000,0.30000E+31
70156801.00000,0.30000E+31
70243201.00000,0.30000E+31
70329601.00000,0.30000E+31
70416001.00000,0.30000E+31
70502401.00000,0.30000E+31
70588801.00000,0.30000E+31
70675201.00000,0.30000E+31
70761601.00000,0.30000E+31
70848001.00000,0.30000E+31
70934401.00000,0.30000E+31
71020801.00000,0.30000E+31
71107201.00000,0.30000E+31
71193601.00000,0.30000E+31
71280001.00000,0.30000E+31
71366401.00000,0.30000E+31
71452801.00000,0.30000E+31
71539201.00000,0.30000E+31
71625601.00000,0.30000E+31
71712001.00000,0.30000E+31
71798401.00000,0.30000E+31
71884801.00000,0.30000E+31
71971201.00000,0.30000E+31
72057601.00000,0.30000E+31
72144001.00000,0.30000E+31
72230401.00000,0.30000E+31
72316801.00000,0.30000E+31
72403201.00000,0.30000E+31
72489601.00000,0.30000E+31
72576001.00000,0.30000E+31
72662401.00000,0.30000E+31
72748801.00000,0.30000E+31
72835201.00000,0.30000E+31
72921601.00000,0.30000E+31
73008001.00000,0.30000E+31
73094401.00000,0.30000E+31
73180801.00000,0.30000E+31
73267201.00000,0.30000E+31
73353601.00000,0.30000E+31
73440001.00000,0.30000E+31
73526401.00000,0.30000E+31
73612801.00000,0.30000E+31
73699201.00000,0.30000E+31
73785601.00000,0.30000E+31
73872001.00000,0.30000E+31
73958401.00000,0.30000E+31
74044801.00000,0.30000E+31
74131201.00000,0.30000E+31
74217601.00000,0.30000E+31
74304001.00000,0.30000E+31
74390401.00000,0.30000E+31
74476801.00000,0.30000E+31
74563201.00000,0.30000E+31
74649601.00000,0.30000E+31
74736001.00000,0.30000E+31
74822401.00000,0.30000E+31
74908801.00000,0.30000E+31
74995201.00000,0.30000E+31
75081601.00000,0.30000E+31
75168001.00000,0.30000E+31
75254401.00000,0.30000E+31
75340801.00000,0.30000E+31
75427201.00000,0.30000E+31
75513601.00000,0.30000E+31
75600001.00000,0.30000E+31
75686401.00000,0.30000E+31
75772801.00000,0.30000E+31
75859201.00000,0.30000E+31
75945601.00000,0.30000E+31
76032001.00000,0.30000E+31
76118401.00000,0.30000E+31
76204801.00000,0.30000E+31
76291201.00000,0.30000E+31
76377601.00000,0.30000E+31
76464001.00000,0.30000E+31
76550401.00000,0.30000E+31
76636801.00000,0.30000E+31
76723201.00000,0.30000E+31
76809601.00000,0.30000E+31
76896001.00000,0.30000E+31
76982401.00000,0.30000E+31
77068801.00000,0.30000E+31
77155201.00000,0.30000E+31
77241601.00000,0.30000E+31
77328001.00000,0.30000E+31
77414401.00000,0.30000E+31
77500801.00000,0.30000E+31
77587201.00000,0.30000E+31
77673601.00000,0.30000E+31
77760001.00000,0.30000E+31
77846401.00000,0.30000E+31
77932801.00000,0.30000E+31
78019201.00000,0.30000E+31
78105601.00000,0.30000E+31
78192001.00000,0.30000E+31
78278401.00000,0.30000E+31
78364801.00000,0.30000E+31
78451201.00000,0.30000E+31
78537601.00000,0.30000E+31
78624001.00000,0.30000E+31
78710401.00000,0.30000E+31
78796801.00000,0.30000E+31
78883201.00000,0.30000E+31
78969601.00000,0.30000E+31
79056001.00000,0.30000E+31
79142401.00000,0.30000E+31
79228801.00000,0.30000E+31
79315201.00000,0.30000E+31
79401601.00000,0.30000E+31
79488001.00000,0.30000E+31
79574401.00000,0.30000E+31
79660801.00000,0.30000E+31
79747201.00000,0.30000E+31
79833601.00000,0.30000E+31
79920001.00000,0.30000E+31
80006401.00000,0.30000E+31
80092801.00000,0.30000E+31
80179201.00000,0.30000E+31
80265601.00000,0.30000E+31
80352001.00000,0.30000E+31
80438401.00000,0.30000E+31
80524801.00000,0.30000E+31
80611201.00000,0.30000E+31
80697601.00000,0.30000E+31
80784001.00000,0.30000E+31
80870401.00000,0.30000E+31
80956801.00000,0.30000E+31
81043201.00000,0.30000E+31
81129601.00000,0.30000E+31
81216001.00000,0.30000E+31
81302401.00000,0.30000E+31
81388801.00000,0.30000E+31
81475201.00000,0.30000E+31
81561601.00000,0.30000E+31
81648001.00000,0.30000E+31
81734401.00000,0.30000E+31
81820801.00000,0.30000E+31
81907201.00000,0.30000E+31
81993601.00000,0.30000E+31
82080001.00000,0.30000E+31
82166401.00000,0.30000E+31
82252801.00000,0.30000E+31
82339201.00000,0.30000E+31
82425601.00000,0.30000E+31
82512001.00000,0.30000E+31
82598401.00000,0.30000E+31
82684801.00000,0.30000E+31
82771201.00000,0.30000E+31
82857601.00000,0.30000E+31
82944001.00000,0.30000E+31
83030401.00000,0.30000E+31
83116801.00000,0.30000E+31
83203201.00000,0.30000E+31
83289601.00000,0.30000E+31
83376001.00000,0.30000E+31
83462401.00000,0.30000E+31
83548801.00000,0.30000E+31
83635201.00000,0.30000E+31
83721601.00000,0.30000E+31
83808001.00000,0.30000E+31
83894401.00000,0.30000E+31
83980801.00000,0.30000E+31
84067201.00000,0.30000E+31
84153601.00000,0.30000E+31
84240001.00000,0.30000E+31
84326401.00000,0.30000E+31
84412801.00000,0.30000E+31
84499201.00000,0.30000E+31
84585601.00000,0.30000E+31
84672001.00000,0.30000E+31
84758401.00000,0.30000E+31
84844801.00000,0.30000E+31
84931201.00000,0.30000E+31
85017601.00000,0.30000E+31
85104001.00000,0.30000E+31
85190401.00000,0.30000E+31
85276801.00000,0.30000E+31
85363201.00000,0.30000E+31
85449601.00000,0.30000E+31
85536001.00000,0.30000E+31
85622401.00000,0.30000E+31
85708801.00000,0.30000E+31
85795201.00000,0.30000E+31
85881601.00000,0.30000E+31
85968001.00000,0.30000E+31
86054401.00000,0.30000E+31
86140801.00000,0.30000E+31
86227201.00000,0.30000E+31
86313601.00000,0.30000E+31
86400001.00000,0.30000E+31
86486401.00000,0.30000E+31
86572801.00000,0.30000E+31
86659201.00000,0.30000E+31
86745601.00000,0.30000E+31
86832001.00000,0.30000E+31
86918401.00000,0.30000E+31
87004801.00000,0.30000E+31
87091201.00000,0.30000E+31
87177601.00000,0.30000E+31
87264001.00000,0.30000E+31
87350401.00000,0.30000E+31
87436801.00000,0.30000E+31
87523201.00000,0.30000E+31
87609601.00000,0.30000E+31
87696001.00000,0.30000E+31
87782401.00000,0.30000E+31
87868801.00000,0.30000E+31
87955201.00000,0.30000E+31
88041601.00000,0.30000E+31
88128001.00000,0.30000E+31
88214401.00000,0.30000E+31
88300801.00000,0.30000E+31
88387201.00000,0.30000E+31
88473601.00000,0.30000E+31
88560001.00000,0.30000E+31
88646401.00000,0.30000E+31
88732801.00000,0.30000E+31
88819201.00000,0.30000E+31
88905601.00000,0.30000E+31
88992001.00000,0.30000E+31
89078401.00000,0.30000E+31
89164801.00000,0.30000E+31
89251201.00000,0.30000E+31
89337601.00000,0.30000E+31
89424001.00000,0.30000E+31
89510401.00000,0.30000E+31
89596801.00000,0.30000E+31
89683201.00000,0.30000E+31
89769601.00000,0.30000E+31
89856001.00000,0.30000E+31
89942401.00000,0.30000E+31
90028801.00000,0.30000E+31
90115201.00000,0.30000E+31
90201601.00000,0.30000E+31
90288001.00000,0.30000E+31
90374401.00000,0.30000E+31
90460801.00000,0.30000E+31
90547201.00000,0.30000E+31
90633601.00000,0.30000E+31
90720001.00000,0.30000E+31
90806401.00000,0.30000E+31
90892801.00000,0.30000E+31
90979201.00000,0.30000E+31
91065601.00000,0.30000E+31
91152001.00000,0.30000E+31
91238401.00000,0.30000E+31
91324801.00000,0.30000E+31
91411201.00000,0.30000E+31
91497601.00000,0.30000E+31
91584001.00000,0.30000E+31
91670401.00000,0.30000E+31
91756801.00000,0.30000E+31
91843201.00000,0.30000E+31
91929601.00000,0.30000E+31
92016001.00000,0.30000E+31
92102401.00000,0.30000E+31
92188801.00000,0.30000E+31
92275201.00000,0.30000E+31
92361601.00000,0.30000E+31
92448001.00000,0.30000E+31
92534401.00000,0.30000E+31
92620801.00000,0.30000E+31
92707201.00000,0.30000E+31
92793601.00000,0.30000E+31
92880001.00000,0.30000E+31
92966401.00000,0.30000E+31
93052801.00000,0.30000E+31
93139201.00000,0.30000E+31
93225601.00000,0.30000E+31
93312001.00000,0.30000E+31
93398401.00000,0.30000E+31
93484801.00000,0.30000E+31
93571201.00000,0.30000E+31
93657601.00000,0.30000E+31
93744001.00000,0.30000E+31
93830401.00000,0.30000E+31
93916801.00000,0.30000E+31
94003201.00000,0.30000E+31
94089601.00000,0.30000E+31
94176001.00000,0.30000E+31
94262401.00000,0.30000E+31
94348801.00000,0.30000E+31
94435201.00000,0.30000E+31
94521601.00000,0.30000E+31
94608001.00000,0.30000E+31
94694401.00000,0.30000E+31
94780801.00000,0.30000E+31
94867201.00000,0.30000E+31
94953601.00000,0.30000E+31
95040001.00000,0.30000E+31
95126401.00000,0.30000E+31
95212801.00000,0.30000E+31
95299201.00000,0.30000E+31
95385601.00000,0.30000E+31
95472001.00000,0.30000E+31
95558401.00000,0.30000E+31
95644801.00000,0.30000E+31
95731201.00000,0.30000E+31
95817601.00000,0.30000E+31
95904001.00000,0.30000E+31
95990401.00000,0.30000E+31
96076801.00000,0.30000E+31
96163201.00000,0.30000E+31
96249601.00000,0.30000E+31
96336001.00000,0.30000E+31
96422401.00000,0.30000E+31
96508801.00000,0.30000E+31
96595201.00000,0.30000E+31
96681601.00000,0.30000E+31
96768001.00000,0.30000E+31
96854401.00000,0.30000E+31
96940801.00000,0.30000E+31
97027201.00000,0.30000E+31
97113601.00000,0.30000E+31
97200001.00000,0.30000E+31
97286401.00000,0.30000E+31
97372801.00000,0.30000E+31
97459201.00000,0.30000E+31
97545601.00000,0.30000E+31
97632001.00000,0.30000E+31
97718401.00000,0.30000E+31
97804801.00000,0.30000E+31
97891201.00000,0.30000E+31
97977601.00000,0.30000E+31
98064001.00000,0.30000E+31
98150401.00000,0.30000E+31
98236801.00000,0.30000E+31
98323201.00000,0.30000E+31
98409601.00000,0.30000E+31
98496001.00000,0.30000E+31
98582401.00000,0.30000E+31
98668801.00000,0.30000E+31
98755201.00000,0.30000E+31
98841601.00000,0.30000E+31
98928001.00000,0.30000E+31
99014401.00000,0.30000E+31
99100801.00000,0.30000E+31
99187201.00000,0.30000E+31
99273601.00000,0.30000E+31
99360001.00000,0.30000E+31
99446401.00000,0.30000E+31
99532801.00000,0.30000E+31
99619201.00000,0.30000E+31
99705601.00000,0.30000E+31
99792001.00000,0.30000E+31
99878401.00000,0.30000E+31
99964801.00000,0.30000E+31
100051201.0000,0.30000E+31
100137601.0000,0.30000E+31
100224001.0000,0.30000E+31
100310401.0000,0.30000E+31
100396801.0000,0.30000E+31
100483201.0000,0.30000E+31
100569601.0000,0.30000E+31
100656001.0000,0.30000E+31
100742401.0000,0.30000E+31
100828801.0000,0.30000E+31
100915201.0000,0.30000E+31
101001601.0000,0.30000E+31
101088001.0000,0.30000E+31
101174401.0000,0.30000E+31
101260801.0000,0.30000E+31
101347201.0000,0.30000E+31
101433601.0000,0.30000E+31
101520001.0000,0.30000E+31
101606401.0000,0.30000E+31
101692801.0000,0.30000E+31
101779201.0000,0.30000E+31
101865601.0000,0.30000E+31
101952001.0000,0.30000E+31
102038401.0000,0.30000E+31
102124801.0000,0.30000E+31
102211201.0000,0.30000E+31
102297601.0000,0.30000E+31
102384001.0000,0.30000E+31
102470401.0000,0.30000E+31
102556801.0000,0.30000E+31
102643201.0000,0.30000E+31
102729601.0000,0.30000E+31
102816001.0000,0.30000E+31
102902401.0000,0.30000E+31
102988801.0000,0.30000E+31
103075201.0000,0.30000E+31
103161601.0000,0.30000E+31
103248001.0000,0.30000E+31
103334401.0000,0.30000E+31
103420801.0000,0.30000E+31
103507201.0000,0.30000E+31
103593601.0000,0.30000E+31
103680001.0000,0.30000E+31
103766401.0000,0.30000E+31
103852801.0000,0.30000E+31
103939201.0000,0.30000E+31
104025601.0000,0.30000E+31
104112001.0000,0.30000E+31
104198401.0000,0.30000E+31
104284801.0000,0.30000E+31
104371201.0000,0.30000E+31
104457601.0000,0.30000E+31
104544001.0000,0.30000E+31
104630401.0000,0.30000E+31
104716801.0000,0.30000E+31
104803201.0000,0.30000E+31
104889601.0000,0.30000E+31
104976001.0000,0.30000E+31
105062401.0000,0.30000E+31
105148801.0000,0.30000E+31
105235201.0000,0.30000E+31
105321601.0000,0.30000E+31
105408001.0000,0.30000E+31
105494401.0000,0.30000E+31
105580801.0000,0.30000E+31
105667201.0000,0.30000E+31
105753601.0000,0.30000E+31
105840001.0000,0.30000E+31
105926401.0000,0.30000E+31
106012801.0000,0.30000E+31
106099201.0000,0.30000E+31
106185601.0000,0.30000E+31
106272001.0000,0.30000E+31
106358401.0000,0.30000E+31
106444801.0000,0.30000E+31
106531201.0000,0.30000E+31
106617601.0000,0.30000E+31
106704001.0000,0.0000
106790401.0000,0.0000
106876801.0000,0.0000
106963201.0000,0.0000
107049601.0000,0.0000
107136001.0000,0.0000
107222401.0000,0.0000
107308801.0000,0.0000
107395201.0000,0.0000
107481601.0000,0.0000
107568001.0000,0.0000
107654401.0000,0.0000
107740801.0000,0.0000
107827201.0000,0.0000
107913601.0000,-0.62831E-04
108000001.0000,-0.48922E-04
108086401.0000,-0.39350E-04
108172801.0000,-0.32508E-04
108259201.0000,-0.27457E-04
108345601.0000,-0.23624E-04
108432001.0000,-0.20645E-04
108518401.0000,-0.18283E-04
108604801.0000,-0.16378E-04
108691201.0000,-0.14817E-04
108777601.0000,-0.13521E-04
108864001.0000,-0.12434E-04
108950401.0000,-0.11511E-04
109036801.0000,-0.10722E-04
109123201.0000,-0.10040E-04
109209601.0000,-0.64771E-04
109296001.0000,-0.51673E-04
109382401.0000,-0.42503E-04
109468801.0000,-0.35847E-04
109555201.0000,-0.30863E-04
109641601.0000,-0.27028E-04
109728001.0000,-0.24009E-04
109814401.0000,-0.21585E-04
109900801.0000,-0.19604E-04
109987201.0000,-0.17962E-04
110073601.0000,-0.16582E-04
110160001.0000,-0.15410E-04
110246401.0000,-0.14403E-04
110332801.0000,-0.13531E-04
110419201.0000,-0.12769E-04
110505601.0000,-0.12095E-04
110592001.0000,-0.11480E-04
110678401.0000,-0.19785E-03
110764801.0000,-0.16507E-03
110851201.0000,-0.14369E-03
110937601.0000,-0.12889E-03
111024001.0000,-0.11822E-03
111110401.0000,-0.11025E-03
111196801.0000,-0.10415E-03
111283201.0000,-0.99372E-04
111369601.0000,-0.95543E-04
111456001.0000,-0.92414E-04
111542401.0000,-0.89815E-04
111628801.0000,-0.87626E-04
111715201.0000,-0.85759E-04
111801601.0000,-0.84148E-04
111888001.0000,-0.82743E-04
111974401.0000,-0.81506E-04
112060801.0000,-0.80406E-04
112147201.0000,-0.79421E-04
112233601.0000,-0.23369E-03
112320001.0000,-0.20471E-03
112406401.0000,-0.18542E-03
112492801.0000,-0.17195E-03
112579201.0000,-0.16218E-03
112665601.0000,-0.15486E-03
112752001.0000,-0.14922E-03
112838401.0000,-0.14478E-03
112924801.0000,-0.14114E-03
113011201.0000,-0.13809E-03
113097601.0000,-0.13553E-03
113184001.0000,-0.13335E-03
113270401.0000,-0.13145E-03
113356801.0000,-0.12978E-03
113443201.0000,-0.12831E-03
113529601.0000,-0.12698E-03
113616001.0000,-0.12579E-03
113702401.0000,-0.12483E-03
113788801.0000,-0.12403E-03
113875201.0000,-0.12335E-03
113961601.0000,-0.22366E-03
114048001.0000,-0.20044E-03
114134401.0000,-0.18377E-03
114220801.0000,-0.17151E-03
114307201.0000,-0.16221E-03
114393601.0000,-0.15507E-03
114480001.0000,-0.14949E-03
114566401.0000,-0.14504E-03
114652801.0000,-0.14142E-03
114739201.0000,-0.13844E-03
114825601.0000,-0.13595E-03
114912001.0000,-0.13385E-03
114998401.0000,-0.13204E-03
115084801.0000,-0.13047E-03
115171201.0000,-0.12909E-03
115257601.0000,-0.12787E-03
115344001.0000,-0.12678E-03
115430401.0000,-0.12577E-03
115516801.0000,-0.12489E-03
115603201.0000,-0.12409E-03
115689601.0000,-0.12335E-03
115776001.0000,-0.25450E-03
115862401.0000,-0.22636E-03
115948801.0000,-0.20716E-03
116035201.0000,-0.19347E-03
116121601.0000,-0.18336E-03
116208001.0000,-0.17566E-03
116294401.0000,-0.16965E-03
116380801.0000,-0.16484E-03
116467201.0000,-0.16092E-03
116553601.0000,-0.15768E-03
116640001.0000,-0.15496E-03
116726401.0000,-0.15264E-03
116812801.0000,-0.15063E-03
116899201.0000,-0.14888E-03
116985601.0000,-0.14734E-03
117072001.0000,-0.14596E-03
117158401.0000,-0.14473E-03
117244801.0000,-0.14361E-03
117331201.0000,-0.14258E-03
117417601.0000,-0.14164E-03
117504001.0000,-0.14074E-03
117590401.0000,-0.13992E-03
117676801.0000,-0.13914E-03
117763201.0000,-0.13841E-03
117849601.0000,-0.13770E-03
117936001.0000,-0.13702E-03
118022401.0000,-0.13635E-03
118108801.0000,-0.13571E-03
118195201.0000,-0.13508E-03
118281601.0000,-0.13446E-03
118368001.0000,-0.13384E-03
118454401.0000,-0.13323E-03
118540801.0000,-0.13262E-03
118627201.0000,-0.13203E-03
118713601.0000,-0.13144E-03
118800001.0000,-0.13090E-03
118886401.0000,-0.13039E-03
118972801.0000,-0.12990E-03
119059201.0000,-0.12944E-03
119145601.0000,-0.12899E-03
119232001.0000,-0.12856E-03
119318401.0000,-0.12814E-03
119404801.0000,-0.12774E-03
119491201.0000,-0.12736E-03
119577601.0000,-0.12698E-03
119664001.0000,-0.12662E-03
119750401.0000,-0.12627E-03
119836801.0000,-0.12592E-03
119923201.0000,-0.12559E-03
120009601.0000,-0.12526E-03
120096001.0000,-0.12493E-03
120182401.0000,-0.12461E-03
120268801.0000,-0.12430E-03
120355201.0000,-0.12400E-03
120441601.0000,-0.12369E-03
120528001.0000,-0.12340E-03
120614401.0000,-0.12311E-03
120700801.0000,-0.12282E-03
120787201.0000,-0.12254E-03
120873601.0000,-0.12226E-03
120960001.0000,-0.12199E-03
121046401.0000,-0.12172E-03
121132801.0000,-0.12146E-03
121219201.0000,-0.12120E-03
121305601.0000,-0.12094E-03
121392001.0000,-0.12069E-03
121478401.0000,-0.12044E-03
121564801.0000,-0.12020E-03
121651201.0000,-0.11996E-03
121737601.0000,-0.11972E-03
121824001.0000,-0.11948E-03
121910401.0000,-0.11925E-03
121996801.0000,-0.11901E-03
122083201.0000,-0.11878E-03
122169601.0000,-0.11856E-03
122256001.0000,-0.11833E-03
122342401.0000,-0.11811E-03
122428801.0000,-0.11789E-03
122515201.0000,-0.11767E-03
122601601.0000,-0.11745E-03
122688001.0000,-0.11723E-03
122774401.0000,-0.11702E-03
122860801.0000,-0.11680E-03
122947201.0000,-0.11659E-03
123033601.0000,-0.11637E-03
123120001.0000,-0.11616E-03
123206401.0000,-0.11595E-03
123292801.0000,-0.11573E-03
123379201.0000,-0.11552E-03
123465601.0000,-0.11532E-03
123552001.0000,-0.11511E-03
123638401.0000,-0.11490E-03
123724801.0000,-0.11469E-03
123811201.0000,-0.11447E-03
123897601.0000,-0.11425E-03
123984001.0000,-0.11405E-03
124070401.0000,-0.11387E-03
124156801.0000,-0.11369E-03
124243201.0000,-0.11351E-03
124329601.0000,-0.11333E-03
124416001.0000,-0.11315E-03
124502401.0000,-0.11298E-03
124588801.0000,-0.11280E-03
124675201.0000,-0.11262E-03
124761601.0000,-0.11245E-03
124848001.0000,-0.11228E-03
124934401.0000,-0.11210E-03
125020801.0000,-0.11193E-03
125107201.0000,-0.11176E-03
125193601.0000,-0.11159E-03
125280001.0000,-0.11143E-03
125366401.0000,-0.11126E-03
125452801.0000,-0.11110E-03
125539201.0000,-0.11093E-03
125625601.0000,-0.11077E-03
125712001.0000,-0.11062E-03
125798401.0000,-0.11046E-03
125884801.0000,-0.11031E-03
125971201.0000,-0.11016E-03
126057601.0000,-0.11001E-03
126144001.0000,-0.10985E-03
126230401.0000,-0.10970E-03
126316801.0000,-0.10956E-03
126403201.0000,-0.10941E-03
126489601.0000,-0.10926E-03
126576001.0000,-0.10912E-03
126662401.0000,-0.10897E-03
126748801.0000,-0.10883E-03
126835201.0000,-0.10868E-03
126921601.0000,-0.10854E-03
127008001.0000,-0.10840E-03
127094401.0000,-0.10826E-03
127180801.0000,-0.10812E-03
127267201.0000,-0.10798E-03
127353601.0000,-0.10786E-03
127440001.0000,-0.10776E-03
127526401.0000,-0.10766E-03
127612801.0000,-0.10758E-03
127699201.0000,-0.10751E-03
127785601.0000,-0.10744E-03
127872001.0000,-0.10738E-03
127958401.0000,-0.10732E-03
128044801.0000,-0.10724E-03
128131201.0000,-0.10718E-03
128217601.0000,-0.10711E-03
128304001.0000,-0.10705E-03
128390401.0000,-0.10699E-03
128476801.0000,-0.10694E-03
128563201.0000,-0.10687E-03
128649601.0000,-0.10681E-03
128736001.0000,-0.10674E-03
128822401.0000,-0.10669E-03
128908801.0000,-0.10663E-03
128995201.0000,-0.10658E-03
129081601.0000,-0.10653E-03
129168001.0000,-0.10648E-03
129254401.0000,-0.10643E-03
129340801.0000,-0.10637E-03
129427201.0000,-0.10631E-03
129513601.0000,-0.10625E-03
129600001.0000,-0.10619E-03
129686401.0000,-0.10614E-03
129772801.0000,-0.10609E-03
129859201.0000,-0.10604E-03
129945601.0000,-0.10598E-03
130032001.0000,-0.10592E-03
130118401.0000,-0.10586E-03
130204801.0000,-0.10581E-03
130291201.0000,-0.10576E-03
130377601.0000,-0.10571E-03
130464001.0000,-0.10566E-03
130550401.0000,-0.10561E-03
130636801.0000,-0.10556E-03
130723201.0000,-0.10552E-03
130809601.0000,-0.10547E-03
130896001.0000,-0.10543E-03
130982401.0000,-0.10539E-03
131068801.0000,-0.10534E-03
131155201.0000,-0.10530E-03
131241601.0000,-0.10526E-03
131328001.0000,-0.10520E-03
131414401.0000,-0.10514E-03
131500801.0000,-0.10509E-03
131587201.0000,-0.10504E-03
131673601.0000,-0.10499E-03
131760001.0000,-0.10494E-03
131846401.0000,-0.10490E-03
131932801.0000,-0.10485E-03
132019201.0000,-0.10479E-03
132105601.0000,-0.10474E-03
132192001.0000,-0.10466E-03
132278401.0000,-0.10455E-03
132364801.0000,-0.10443E-03
132451201.0000,-0.10430E-03
132537601.0000,-0.10416E-03
132624001.0000,-0.10401E-03
132710401.0000,-0.10386E-03
132796801.0000,-0.10371E-03
132883201.0000,-0.10355E-03
132969601.0000,-0.10339E-03
133056001.0000,-0.10323E-03
133142401.0000,-0.10308E-03
133228801.0000,-0.10292E-03
133315201.0000,-0.10276E-03
133401601.0000,-0.10260E-03
133488001.0000,-0.10245E-03
133574401.0000,-0.10229E-03
133660801.0000,-0.10214E-03
133747201.0000,-0.10198E-03
133833601.0000,-0.10183E-03
133920001.0000,-0.10168E-03
134006401.0000,-0.10152E-03
134092801.0000,-0.10137E-03
134179201.0000,-0.10122E-03
134265601.0000,-0.10107E-03
134352001.0000,-0.10093E-03
134438401.0000,-0.10078E-03
134524801.0000,-0.10063E-03
134611201.0000,-0.10049E-03
134697601.0000,-0.10034E-03
134784001.0000,-0.10020E-03
134870401.0000,-0.10006E-03
134956801.0000,-0.99916E-04
135043201.0000,-0.99775E-04
135129601.0000,-0.99634E-04
135216001.0000,-0.99495E-04
135302401.0000,-0.99357E-04
135388801.0000,-0.99219E-04
135475201.0000,-0.99082E-04
135561601.0000,-0.98946E-04
135648001.0000,-0.98810E-04
135734401.0000,-0.98675E-04
135820801.0000,-0.98541E-04
135907201.0000,-0.98407E-04
135993601.0000,-0.98275E-04
136080001.0000,-0.98142E-04
136166401.0000,-0.98010E-04
136252801.0000,-0.97879E-04
136339201.0000,-0.97749E-04
136425601.0000,-0.97619E-04
136512001.0000,-0.97489E-04
136598401.0000,-0.97361E-04
136684801.0000,-0.97232E-04
136771201.0000,-0.97105E-04
136857601.0000,-0.96978E-04
136944001.0000,-0.96851E-04
137030401.0000,-0.96725E-04
137116801.0000,-0.96600E-04
137203201.0000,-0.96475E-04
137289601.0000,-0.96351E-04
137376001.0000,-0.96227E-04
137462401.0000,-0.96104E-04
137548801.0000,-0.95982E-04
137635201.0000,-0.95860E-04
137721601.0000,-0.95738E-04
137808001.0000,-0.95617E-04
137894401.0000,-0.95496E-04
137980801.0000,-0.95376E-04
138067201.0000,-0.95257E-04
138153601.0000,-0.95137E-04
138240001.0000,-0.95019E-04
138326401.0000,-0.94901E-04
138412801.0000,-0.94783E-04
138499201.0000,-0.94666E-04
138585601.0000,-0.94549E-04
138672001.0000,-0.94432E-04
138758401.0000,-0.94317E-04
138844801.0000,-0.94201E-04
138931201.0000,-0.94086E-04
139017601.0000,-0.93972E-04
139104001.0000,-0.93858E-04
139190401.0000,-0.93745E-04
139276801.0000,-0.93632E-04
139363201.0000,-0.93544E-04
139449601.0000,-0.93470E-04
139536001.0000,-0.93383E-04
139622401.0000,-0.93314E-04
139708801.0000,-0.93233E-04
139795201.0000,-0.93145E-04
139881601.0000,-0.93053E-04
139968001.0000,-0.92956E-04
140054401.0000,-0.92857E-04
140140801.0000,-0.92756E-04
140227201.0000,-0.92653E-04
140313601.0000,-0.92549E-04
140400001.0000,-0.92444E-04
140486401.0000,-0.92362E-04
140572801.0000,-0.92270E-04
140659201.0000,-0.92175E-04
140745601.0000,-0.92100E-04
140832001.0000,-0.92014E-04
140918401.0000,-0.91924E-04
141004801.0000,-0.91831E-04
141091201.0000,-0.91735E-04
141177601.0000,-0.91637E-04
141264001.0000,-0.91538E-04
141350401.0000,-0.91438E-04
141436801.0000,-0.91337E-04
141523201.0000,-0.91236E-04
141609601.0000,-0.91135E-04
141696001.0000,-0.91033E-04
141782401.0000,-0.90932E-04
